CustomerID,Churn
Cust11201,Yes
Cust11202,Yes
Cust11203,Yes
Cust11204,Yes
Cust11205,Yes
Cust11206,Yes
Cust11207,Yes
Cust11208,Yes
Cust11209,Yes
Cust11210,Yes
Cust11211,Yes
Cust11212,Yes
Cust11213,Yes
Cust11214,Yes
Cust11215,Yes
Cust11216,Yes
Cust11217,Yes
Cust11218,Yes
Cust11219,Yes
Cust11220,Yes
Cust11221,Yes
Cust11222,Yes
Cust11223,Yes
Cust11224,Yes
Cust11225,Yes
Cust11226,Yes
Cust11227,Yes
Cust11228,Yes
Cust11229,Yes
Cust11230,Yes
Cust11231,Yes
Cust11232,Yes
Cust11233,Yes
Cust11234,Yes
Cust11235,Yes
Cust11236,Yes
Cust11237,Yes
Cust11238,Yes
Cust11239,Yes
Cust11240,Yes
Cust11241,Yes
Cust11242,Yes
Cust11243,Yes
Cust11244,Yes
Cust11245,Yes
Cust11246,Yes
Cust11247,Yes
Cust11248,Yes
Cust11249,Yes
Cust11250,Yes
Cust11251,Yes
Cust11252,Yes
Cust11253,Yes
Cust11254,Yes
Cust11255,Yes
Cust11256,Yes
Cust11257,Yes
Cust11258,Yes
Cust11259,Yes
Cust11260,Yes
Cust11261,Yes
Cust11262,Yes
Cust11263,Yes
Cust11264,Yes
Cust11265,Yes
Cust11266,Yes
Cust11267,Yes
Cust11268,Yes
Cust11269,Yes
Cust11270,Yes
Cust11271,Yes
Cust11272,Yes
Cust11273,Yes
Cust11274,Yes
Cust11275,Yes
Cust11276,Yes
Cust11277,Yes
Cust11278,Yes
Cust11279,Yes
Cust11280,Yes
Cust11281,Yes
Cust11282,Yes
Cust11283,Yes
Cust11284,Yes
Cust11285,Yes
Cust11286,Yes
Cust11287,Yes
Cust11288,Yes
Cust11289,Yes
Cust11290,Yes
Cust11291,Yes
Cust11292,Yes
Cust11293,Yes
Cust11294,Yes
Cust11295,Yes
Cust11296,Yes
Cust11297,Yes
Cust11298,Yes
Cust11299,Yes
Cust11300,Yes
Cust11301,Yes
Cust11302,Yes
Cust11303,Yes
Cust11304,Yes
Cust11305,Yes
Cust11306,Yes
Cust11307,Yes
Cust11308,Yes
Cust11309,Yes
Cust11310,Yes
Cust11311,Yes
Cust11312,Yes
Cust11313,Yes
Cust11314,Yes
Cust11315,Yes
Cust11316,Yes
Cust11317,Yes
Cust11318,Yes
Cust11319,Yes
Cust11320,Yes
Cust11321,Yes
Cust11322,Yes
Cust11323,Yes
Cust11324,Yes
Cust11325,Yes
Cust11326,Yes
Cust11327,Yes
Cust11328,Yes
Cust11329,Yes
Cust11330,Yes
Cust11331,Yes
Cust11332,Yes
Cust11333,Yes
Cust11334,Yes
Cust11335,Yes
Cust11336,Yes
Cust11337,Yes
Cust11338,Yes
Cust11339,Yes
Cust11340,Yes
Cust11341,Yes
Cust11342,Yes
Cust11343,Yes
Cust11344,Yes
Cust11345,Yes
Cust11346,Yes
Cust11347,Yes
Cust11348,Yes
Cust11349,Yes
Cust11350,Yes
Cust11351,Yes
Cust11352,Yes
Cust11353,Yes
Cust11354,Yes
Cust11355,Yes
Cust11356,Yes
Cust11357,Yes
Cust11358,Yes
Cust11359,Yes
Cust11360,Yes
Cust11361,Yes
Cust11362,Yes
Cust11363,Yes
Cust11364,Yes
Cust11365,Yes
Cust11366,Yes
Cust11367,Yes
Cust11368,Yes
Cust11369,Yes
Cust11370,Yes
Cust11371,Yes
Cust11372,Yes
Cust11373,Yes
Cust11374,Yes
Cust11375,Yes
Cust11376,Yes
Cust11377,Yes
Cust11378,Yes
Cust11379,Yes
Cust11380,Yes
Cust11381,Yes
Cust11382,Yes
Cust11383,Yes
Cust11384,Yes
Cust11385,Yes
Cust11386,Yes
Cust11387,Yes
Cust11388,Yes
Cust11389,Yes
Cust11390,Yes
Cust11391,Yes
Cust11392,Yes
Cust11393,Yes
Cust11394,Yes
Cust11395,Yes
Cust11396,Yes
Cust11397,Yes
Cust11398,Yes
Cust11399,Yes
Cust11400,Yes
Cust11401,Yes
Cust11402,Yes
Cust11403,Yes
Cust11404,Yes
Cust11405,Yes
Cust11406,Yes
Cust11407,Yes
Cust11408,Yes
Cust11409,Yes
Cust11410,Yes
Cust11411,Yes
Cust11412,Yes
Cust11413,Yes
Cust11414,Yes
Cust11415,Yes
Cust11416,Yes
Cust11417,Yes
Cust11418,Yes
Cust11419,Yes
Cust11420,Yes
Cust11421,Yes
Cust11422,Yes
Cust11423,Yes
Cust11424,Yes
Cust11425,Yes
Cust11426,Yes
Cust11427,Yes
Cust11428,Yes
Cust11429,Yes
Cust11430,Yes
Cust11431,Yes
Cust11432,Yes
Cust11433,Yes
Cust11434,Yes
Cust11435,Yes
Cust11436,Yes
Cust11437,Yes
Cust11438,Yes
Cust11439,Yes
Cust11440,Yes
Cust11441,Yes
Cust11442,Yes
Cust11443,Yes
Cust11444,Yes
Cust11445,Yes
Cust11446,Yes
Cust11447,Yes
Cust11448,Yes
Cust11449,Yes
Cust11450,Yes
Cust11451,Yes
Cust11452,Yes
Cust11453,Yes
Cust11454,Yes
Cust11455,Yes
Cust11456,Yes
Cust11457,Yes
Cust11458,Yes
Cust11459,Yes
Cust11460,Yes
Cust11461,Yes
Cust11462,Yes
Cust11463,Yes
Cust11464,Yes
Cust11465,Yes
Cust11466,Yes
Cust11467,Yes
Cust11468,Yes
Cust11469,Yes
Cust11470,Yes
Cust11471,Yes
Cust11472,Yes
Cust11473,Yes
Cust11474,Yes
Cust11475,Yes
Cust11476,Yes
Cust11477,Yes
Cust11478,Yes
Cust11479,Yes
Cust11480,Yes
Cust11481,Yes
Cust11482,Yes
Cust11483,Yes
Cust11484,Yes
Cust11485,Yes
Cust11486,Yes
Cust11487,Yes
Cust11488,Yes
Cust11489,Yes
Cust11490,Yes
Cust11491,Yes
Cust11492,Yes
Cust11493,Yes
Cust11494,Yes
Cust11495,Yes
Cust11496,Yes
Cust11497,Yes
Cust11498,Yes
Cust11499,Yes
Cust11500,Yes
Cust11501,Yes
Cust11502,Yes
Cust11503,Yes
Cust11504,Yes
Cust11505,Yes
Cust11506,Yes
Cust11507,Yes
Cust11508,Yes
Cust11509,Yes
Cust11510,Yes
Cust11511,Yes
Cust11512,Yes
Cust11513,Yes
Cust11514,Yes
Cust11515,Yes
Cust11516,Yes
Cust11517,Yes
Cust11518,Yes
Cust11519,Yes
Cust11520,Yes
Cust11521,Yes
Cust11522,Yes
Cust11523,Yes
Cust11524,Yes
Cust11525,Yes
Cust11526,Yes
Cust11527,Yes
Cust11528,Yes
Cust11529,Yes
Cust11530,Yes
Cust11531,Yes
Cust11532,Yes
Cust11533,Yes
Cust11534,Yes
Cust11535,Yes
Cust11536,Yes
Cust11537,Yes
Cust11538,Yes
Cust11539,Yes
Cust11540,Yes
Cust11541,Yes
Cust11542,Yes
Cust11543,Yes
Cust11544,Yes
Cust11545,Yes
Cust11546,Yes
Cust11547,Yes
Cust11548,Yes
Cust11549,Yes
Cust11550,Yes
Cust11551,Yes
Cust11552,Yes
Cust11553,Yes
Cust11554,Yes
Cust11555,Yes
Cust11556,Yes
Cust11557,Yes
Cust11558,Yes
Cust11559,Yes
Cust11560,Yes
Cust11561,Yes
Cust11562,Yes
Cust11563,Yes
Cust11564,Yes
Cust11565,Yes
Cust11566,Yes
Cust11567,Yes
Cust11568,Yes
Cust11569,Yes
Cust11570,Yes
Cust11571,Yes
Cust11572,Yes
Cust11573,Yes
Cust11574,Yes
Cust11575,Yes
Cust11576,Yes
Cust11577,Yes
Cust11578,Yes
Cust11579,Yes
Cust11580,Yes
Cust11581,Yes
Cust11582,Yes
Cust11583,Yes
Cust11584,Yes
Cust11585,Yes
Cust11586,Yes
Cust11587,Yes
Cust11588,Yes
Cust11589,Yes
Cust11590,Yes
Cust11591,Yes
Cust11592,Yes
Cust11593,Yes
Cust11594,Yes
Cust11595,Yes
Cust11596,Yes
Cust11597,Yes
Cust11598,Yes
Cust11599,Yes
Cust11600,Yes
Cust11601,Yes
Cust11602,Yes
Cust11603,Yes
Cust11604,Yes
Cust11605,Yes
Cust11606,Yes
Cust11607,Yes
Cust11608,Yes
Cust11609,Yes
Cust11610,Yes
Cust11611,Yes
Cust11612,Yes
Cust11613,Yes
Cust11614,Yes
Cust11615,Yes
Cust11616,Yes
Cust11617,Yes
Cust11618,Yes
Cust11619,Yes
Cust11620,Yes
Cust11621,Yes
Cust11622,Yes
Cust11623,Yes
Cust11624,Yes
Cust11625,Yes
Cust11626,Yes
Cust11627,Yes
Cust11628,Yes
Cust11629,Yes
Cust11630,Yes
Cust11631,Yes
Cust11632,Yes
Cust11633,Yes
Cust11634,Yes
Cust11635,Yes
Cust11636,Yes
Cust11637,Yes
Cust11638,Yes
Cust11639,Yes
Cust11640,Yes
Cust11641,Yes
Cust11642,Yes
Cust11643,Yes
Cust11644,Yes
Cust11645,Yes
Cust11646,Yes
Cust11647,Yes
Cust11648,Yes
Cust11649,Yes
Cust11650,Yes
Cust11651,Yes
Cust11652,Yes
Cust11653,Yes
Cust11654,Yes
Cust11655,Yes
Cust11656,Yes
Cust11657,Yes
Cust11658,Yes
Cust11659,Yes
Cust11660,Yes
Cust11661,Yes
Cust11662,Yes
Cust11663,Yes
Cust11664,Yes
Cust11665,Yes
Cust11666,Yes
Cust11667,Yes
Cust11668,Yes
Cust11669,Yes
Cust11670,Yes
Cust11671,Yes
Cust11672,Yes
Cust11673,Yes
Cust11674,Yes
Cust11675,Yes
Cust11676,Yes
Cust11677,Yes
Cust11678,Yes
Cust11679,Yes
Cust11680,Yes
Cust11681,Yes
Cust11682,Yes
Cust11683,Yes
Cust11684,Yes
Cust11685,Yes
Cust11686,Yes
Cust11687,Yes
Cust11688,Yes
Cust11689,Yes
Cust11690,Yes
Cust11691,Yes
Cust11692,Yes
Cust11693,Yes
Cust11694,Yes
Cust11695,Yes
Cust11696,Yes
Cust11697,Yes
Cust11698,Yes
Cust11699,Yes
Cust11700,Yes
Cust11701,Yes
Cust11702,Yes
Cust11703,Yes
Cust11704,Yes
Cust11705,Yes
Cust11706,Yes
Cust11707,Yes
Cust11708,Yes
Cust11709,Yes
Cust11710,Yes
Cust11711,Yes
Cust11712,Yes
Cust11713,Yes
Cust11714,Yes
Cust11715,Yes
Cust11716,Yes
Cust11717,Yes
Cust11718,Yes
Cust11719,Yes
Cust11720,Yes
Cust11721,Yes
Cust11722,Yes
Cust11723,Yes
Cust11724,Yes
Cust11725,Yes
Cust11726,Yes
Cust11727,Yes
Cust11728,Yes
Cust11729,Yes
Cust11730,Yes
Cust11731,Yes
Cust11732,Yes
Cust11733,Yes
Cust11734,Yes
Cust11735,Yes
Cust11736,Yes
Cust11737,Yes
Cust11738,Yes
Cust11739,Yes
Cust11740,Yes
Cust11741,Yes
Cust11742,Yes
Cust11743,Yes
Cust11744,Yes
Cust11745,Yes
Cust11746,Yes
Cust11747,Yes
Cust11748,Yes
Cust11749,Yes
Cust11750,Yes
Cust11751,Yes
Cust11752,Yes
Cust11753,Yes
Cust11754,Yes
Cust11755,Yes
Cust11756,Yes
Cust11757,Yes
Cust11758,Yes
Cust11759,Yes
Cust11760,Yes
Cust11761,Yes
Cust11762,Yes
Cust11763,Yes
Cust11764,Yes
Cust11765,Yes
Cust11766,Yes
Cust11767,Yes
Cust11768,Yes
Cust11769,Yes
Cust11770,Yes
Cust11771,Yes
Cust11772,Yes
Cust11773,Yes
Cust11774,Yes
Cust11775,Yes
Cust11776,Yes
Cust11777,Yes
Cust11778,Yes
Cust11779,Yes
Cust11780,Yes
Cust11781,Yes
Cust11782,Yes
Cust11783,Yes
Cust11784,Yes
Cust11785,Yes
Cust11786,Yes
Cust11787,Yes
Cust11788,Yes
Cust11789,Yes
Cust11790,Yes
Cust11791,Yes
Cust11792,Yes
Cust11793,Yes
Cust11794,Yes
Cust11795,Yes
Cust11796,Yes
Cust11797,Yes
Cust11798,Yes
Cust11799,Yes
Cust11800,Yes
Cust11801,Yes
Cust11802,Yes
Cust11803,Yes
Cust11804,Yes
Cust11805,Yes
Cust11806,Yes
Cust11807,Yes
Cust11808,Yes
Cust11809,Yes
Cust11810,Yes
Cust11811,Yes
Cust11812,Yes
Cust11813,Yes
Cust11814,Yes
Cust11815,Yes
Cust11816,Yes
Cust11817,Yes
Cust11818,Yes
Cust11819,Yes
Cust11820,Yes
Cust11821,Yes
Cust11822,Yes
Cust11823,Yes
Cust11824,Yes
Cust11825,Yes
Cust11826,Yes
Cust11827,Yes
Cust11828,Yes
Cust11829,Yes
Cust11830,Yes
Cust11831,Yes
Cust11832,Yes
Cust11833,Yes
Cust11834,Yes
Cust11835,Yes
Cust11836,Yes
Cust11837,Yes
Cust11838,Yes
Cust11839,Yes
Cust11840,Yes
Cust11841,Yes
Cust11842,Yes
Cust11843,Yes
Cust11844,Yes
Cust11845,Yes
Cust11846,Yes
Cust11847,Yes
Cust11848,Yes
Cust11849,Yes
Cust11850,Yes
Cust11851,Yes
Cust11852,Yes
Cust11853,Yes
Cust11854,Yes
Cust11855,Yes
Cust11856,Yes
Cust11857,Yes
Cust11858,Yes
Cust11859,Yes
Cust11860,Yes
Cust11861,Yes
Cust11862,Yes
Cust11863,Yes
Cust11864,Yes
Cust11865,Yes
Cust11866,Yes
Cust11867,Yes
Cust11868,Yes
Cust11869,Yes
Cust11870,Yes
Cust11871,Yes
Cust11872,Yes
Cust11873,Yes
Cust11874,Yes
Cust11875,Yes
Cust11876,Yes
Cust11877,Yes
Cust11878,Yes
Cust11879,Yes
Cust11880,Yes
Cust11881,Yes
Cust11882,Yes
Cust11883,Yes
Cust11884,Yes
Cust11885,Yes
Cust11886,Yes
Cust11887,Yes
Cust11888,Yes
Cust11889,Yes
Cust11890,Yes
Cust11891,Yes
Cust11892,Yes
Cust11893,Yes
Cust11894,Yes
Cust11895,Yes
Cust11896,Yes
Cust11897,Yes
Cust11898,Yes
Cust11899,Yes
Cust11900,Yes
Cust11901,Yes
Cust11902,Yes
Cust11903,Yes
Cust11904,Yes
Cust11905,Yes
Cust11906,Yes
Cust11907,Yes
Cust11908,Yes
Cust11909,Yes
Cust11910,Yes
Cust11911,Yes
Cust11912,Yes
Cust11913,Yes
Cust11914,Yes
Cust11915,Yes
Cust11916,Yes
Cust11917,Yes
Cust11918,Yes
Cust11919,Yes
Cust11920,Yes
Cust11921,Yes
Cust11922,Yes
Cust11923,Yes
Cust11924,Yes
Cust11925,Yes
Cust11926,Yes
Cust11927,Yes
Cust11928,Yes
Cust11929,Yes
Cust11930,Yes
Cust11931,Yes
Cust11932,Yes
Cust11933,Yes
Cust11934,Yes
Cust11935,Yes
Cust11936,Yes
Cust11937,Yes
Cust11938,Yes
Cust11939,Yes
Cust11940,Yes
Cust11941,Yes
Cust11942,Yes
Cust11943,Yes
Cust11944,Yes
Cust11945,Yes
Cust11946,Yes
Cust11947,Yes
Cust11948,Yes
Cust11949,Yes
Cust11950,Yes
Cust11951,Yes
Cust11952,Yes
Cust11953,Yes
Cust11954,Yes
Cust11955,Yes
Cust11956,Yes
Cust11957,Yes
Cust11958,Yes
Cust11959,Yes
Cust11960,Yes
Cust11961,Yes
Cust11962,Yes
Cust11963,Yes
Cust11964,Yes
Cust11965,Yes
Cust11966,Yes
Cust11967,Yes
Cust11968,Yes
Cust11969,Yes
Cust11970,Yes
Cust11971,Yes
Cust11972,Yes
Cust11973,Yes
Cust11974,Yes
Cust11975,Yes
Cust11976,Yes
Cust11977,Yes
Cust11978,Yes
Cust11979,Yes
Cust11980,Yes
Cust11981,Yes
Cust11982,Yes
Cust11983,Yes
Cust11984,Yes
Cust11985,Yes
Cust11986,Yes
Cust11987,Yes
Cust11988,Yes
Cust11989,Yes
Cust11990,Yes
Cust11991,Yes
Cust11992,Yes
Cust11993,Yes
Cust11994,Yes
Cust11995,Yes
Cust11996,Yes
Cust11997,Yes
Cust11998,Yes
Cust11999,Yes
Cust12000,Yes
Cust12001,Yes
Cust12002,Yes
Cust12003,Yes
Cust12004,Yes
Cust12005,Yes
Cust12006,Yes
Cust12007,Yes
Cust12008,Yes
Cust12009,Yes
Cust12010,Yes
Cust12011,Yes
Cust12012,Yes
Cust12013,Yes
Cust12014,Yes
Cust12015,Yes
Cust12016,Yes
Cust12017,Yes
Cust12018,Yes
Cust12019,Yes
Cust12020,Yes
Cust12021,Yes
Cust12022,Yes
Cust12023,Yes
Cust12024,Yes
Cust12025,Yes
Cust12026,Yes
Cust12027,Yes
Cust12028,Yes
Cust12029,Yes
Cust12030,Yes
Cust12031,Yes
Cust12032,Yes
Cust12033,Yes
Cust12034,Yes
Cust12035,Yes
Cust12036,Yes
Cust12037,Yes
Cust12038,Yes
Cust12039,Yes
Cust12040,Yes
Cust12041,Yes
Cust12042,Yes
Cust12043,Yes
Cust12044,Yes
Cust12045,Yes
Cust12046,Yes
Cust12047,Yes
Cust12048,Yes
Cust12049,Yes
Cust12050,Yes
Cust12051,Yes
Cust12052,Yes
Cust12053,Yes
Cust12054,Yes
Cust12055,Yes
Cust12056,Yes
Cust12057,Yes
Cust12058,Yes
Cust12059,Yes
Cust12060,Yes
Cust12061,Yes
Cust12062,Yes
Cust12063,Yes
Cust12064,Yes
Cust12065,Yes
Cust12066,Yes
Cust12067,Yes
Cust12068,Yes
Cust12069,Yes
Cust12070,Yes
Cust12071,Yes
Cust12072,Yes
Cust12073,Yes
Cust12074,Yes
Cust12075,Yes
Cust12076,Yes
Cust12077,Yes
Cust12078,Yes
Cust12079,Yes
Cust12080,Yes
Cust12081,Yes
Cust12082,Yes
Cust12083,Yes
Cust12084,Yes
Cust12085,Yes
Cust12086,Yes
Cust12087,Yes
Cust12088,Yes
Cust12089,Yes
Cust12090,Yes
Cust12091,Yes
Cust12092,Yes
Cust12093,Yes
Cust12094,Yes
Cust12095,Yes
Cust12096,Yes
Cust12097,Yes
Cust12098,Yes
Cust12099,Yes
Cust12100,Yes
Cust12101,Yes
Cust12102,Yes
Cust12103,Yes
Cust12104,Yes
Cust12105,Yes
Cust12106,Yes
Cust12107,Yes
Cust12108,Yes
Cust12109,Yes
Cust12110,Yes
Cust12111,Yes
Cust12112,Yes
Cust12113,Yes
Cust12114,Yes
Cust12115,Yes
Cust12116,Yes
Cust12117,Yes
Cust12118,Yes
Cust12119,Yes
Cust12120,Yes
Cust12121,Yes
Cust12122,Yes
Cust12123,Yes
Cust12124,Yes
Cust12125,Yes
Cust12126,Yes
Cust12127,Yes
Cust12128,Yes
Cust12129,Yes
Cust12130,Yes
Cust12131,Yes
Cust12132,Yes
Cust12133,Yes
Cust12134,Yes
Cust12135,Yes
Cust12136,Yes
Cust12137,Yes
Cust12138,Yes
Cust12139,Yes
Cust12140,Yes
Cust12141,Yes
Cust12142,Yes
Cust12143,Yes
Cust12144,Yes
Cust12145,Yes
Cust12146,Yes
Cust12147,Yes
Cust12148,Yes
Cust12149,Yes
Cust12150,Yes
Cust12151,Yes
Cust12152,Yes
Cust12153,Yes
Cust12154,Yes
Cust12155,Yes
Cust12156,Yes
Cust12157,Yes
Cust12158,Yes
Cust12159,Yes
Cust12160,Yes
Cust12161,Yes
Cust12162,Yes
Cust12163,Yes
Cust12164,Yes
Cust12165,Yes
Cust12166,Yes
Cust12167,Yes
Cust12168,Yes
Cust12169,Yes
Cust12170,Yes
Cust12171,Yes
Cust12172,Yes
Cust12173,Yes
Cust12174,Yes
Cust12175,Yes
Cust12176,Yes
Cust12177,Yes
Cust12178,Yes
Cust12179,Yes
Cust12180,Yes
Cust12181,Yes
Cust12182,Yes
Cust12183,Yes
Cust12184,Yes
Cust12185,Yes
Cust12186,Yes
Cust12187,Yes
Cust12188,Yes
Cust12189,Yes
Cust12190,Yes
Cust12191,Yes
Cust12192,Yes
Cust12193,Yes
Cust12194,Yes
Cust12195,Yes
Cust12196,Yes
Cust12197,Yes
Cust12198,Yes
Cust12199,Yes
Cust12200,Yes
Cust12201,Yes
Cust12202,Yes
Cust12203,Yes
Cust12204,Yes
Cust12205,Yes
Cust12206,Yes
Cust12207,Yes
Cust12208,Yes
Cust12209,Yes
Cust12210,Yes
Cust12211,Yes
Cust12212,Yes
Cust12213,Yes
Cust12214,Yes
Cust12215,Yes
Cust12216,Yes
Cust12217,Yes
Cust12218,Yes
Cust12219,Yes
Cust12220,Yes
Cust12221,Yes
Cust12222,Yes
Cust12223,Yes
Cust12224,Yes
Cust12225,Yes
Cust12226,Yes
Cust12227,Yes
Cust12228,Yes
Cust12229,Yes
Cust12230,Yes
Cust12231,Yes
Cust12232,Yes
Cust12233,Yes
Cust12234,Yes
Cust12235,Yes
Cust12236,Yes
Cust12237,Yes
Cust12238,Yes
Cust12239,Yes
Cust12240,Yes
Cust12241,Yes
Cust12242,Yes
Cust12243,Yes
Cust12244,Yes
Cust12245,Yes
Cust12246,Yes
Cust12247,Yes
Cust12248,Yes
Cust12249,Yes
Cust12250,Yes
Cust12251,Yes
Cust12252,Yes
Cust12253,Yes
Cust12254,Yes
Cust12255,Yes
Cust12256,Yes
Cust12257,Yes
Cust12258,Yes
Cust12259,Yes
Cust12260,Yes
Cust12261,Yes
Cust12262,Yes
Cust12263,Yes
Cust12264,Yes
Cust12265,Yes
Cust12266,Yes
Cust12267,Yes
Cust12268,Yes
Cust12269,Yes
Cust12270,Yes
Cust12271,Yes
Cust12272,Yes
Cust12273,Yes
Cust12274,Yes
Cust12275,Yes
Cust12276,Yes
Cust12277,Yes
Cust12278,Yes
Cust12279,Yes
Cust12280,Yes
Cust12281,Yes
Cust12282,Yes
Cust12283,Yes
Cust12284,Yes
Cust12285,Yes
Cust12286,Yes
Cust12287,Yes
Cust12288,Yes
Cust12289,Yes
Cust12290,Yes
Cust12291,Yes
Cust12292,Yes
Cust12293,Yes
Cust12294,Yes
Cust12295,Yes
Cust12296,Yes
Cust12297,Yes
Cust12298,Yes
Cust12299,Yes
Cust12300,Yes
Cust12301,Yes
Cust12302,Yes
Cust12303,Yes
Cust12304,Yes
Cust12305,Yes
Cust12306,Yes
Cust12307,Yes
Cust12308,Yes
Cust12309,Yes
Cust12310,Yes
Cust12311,Yes
Cust12312,Yes
Cust12313,Yes
Cust12314,Yes
Cust12315,Yes
Cust12316,Yes
Cust12317,Yes
Cust12318,Yes
Cust12319,Yes
Cust12320,Yes
Cust12321,Yes
Cust12322,Yes
Cust12323,Yes
Cust12324,Yes
Cust12325,Yes
Cust12326,Yes
Cust12327,Yes
Cust12328,Yes
Cust12329,Yes
Cust12330,Yes
Cust12331,Yes
Cust12332,Yes
Cust12333,Yes
Cust12334,Yes
Cust12335,Yes
Cust12336,Yes
Cust12337,Yes
Cust12338,Yes
Cust12339,Yes
Cust12340,Yes
Cust12341,Yes
Cust12342,Yes
Cust12343,Yes
Cust12344,Yes
Cust12345,Yes
Cust12346,Yes
Cust12347,Yes
Cust12348,Yes
Cust12349,Yes
Cust12350,Yes
Cust12351,Yes
Cust12352,Yes
Cust12353,Yes
Cust12354,Yes
Cust12355,Yes
Cust12356,Yes
Cust12357,Yes
Cust12358,Yes
Cust12359,Yes
Cust12360,Yes
Cust12361,Yes
Cust12362,Yes
Cust12363,Yes
Cust12364,Yes
Cust12365,Yes
Cust12366,Yes
Cust12367,Yes
Cust12368,Yes
Cust12369,Yes
Cust12370,Yes
Cust12371,Yes
Cust12372,Yes
Cust12373,Yes
Cust12374,Yes
Cust12375,Yes
Cust12376,Yes
Cust12377,Yes
Cust12378,Yes
Cust12379,Yes
Cust12380,Yes
Cust12381,Yes
Cust12382,Yes
Cust12383,Yes
Cust12384,Yes
Cust12385,Yes
Cust12386,Yes
Cust12387,Yes
Cust12388,Yes
Cust12389,Yes
Cust12390,Yes
Cust12391,Yes
Cust12392,Yes
Cust12393,Yes
Cust12394,Yes
Cust12395,Yes
Cust12396,Yes
Cust12397,Yes
Cust12398,Yes
Cust12399,Yes
Cust12400,Yes
Cust12401,Yes
Cust12402,Yes
Cust12403,Yes
Cust12404,Yes
Cust12405,Yes
Cust12406,Yes
Cust12407,Yes
Cust12408,Yes
Cust12409,Yes
Cust12410,Yes
Cust12411,Yes
Cust12412,Yes
Cust12413,Yes
Cust12414,Yes
Cust12415,Yes
Cust12416,Yes
Cust12417,Yes
Cust12418,Yes
Cust12419,Yes
Cust12420,Yes
Cust12421,Yes
Cust12422,Yes
Cust12423,Yes
Cust12424,Yes
Cust12425,Yes
Cust12426,Yes
Cust12427,Yes
Cust12428,Yes
Cust12429,Yes
Cust12430,Yes
Cust12431,Yes
Cust12432,Yes
Cust12433,Yes
Cust12434,Yes
Cust12435,Yes
Cust12436,Yes
Cust12437,Yes
Cust12438,Yes
Cust12439,Yes
Cust12440,Yes
Cust12441,Yes
Cust12442,Yes
Cust12443,Yes
Cust12444,Yes
Cust12445,Yes
Cust12446,Yes
Cust12447,Yes
Cust12448,Yes
Cust12449,Yes
Cust12450,Yes
Cust12451,Yes
Cust12452,Yes
Cust12453,Yes
Cust12454,Yes
Cust12455,Yes
Cust12456,Yes
Cust12457,Yes
Cust12458,Yes
Cust12459,Yes
Cust12460,Yes
Cust12461,Yes
Cust12462,Yes
Cust12463,Yes
Cust12464,Yes
Cust12465,Yes
Cust12466,Yes
Cust12467,Yes
Cust12468,Yes
Cust12469,Yes
Cust12470,Yes
Cust12471,Yes
Cust12472,Yes
Cust12473,Yes
Cust12474,Yes
Cust12475,Yes
Cust12476,Yes
Cust12477,Yes
Cust12478,Yes
Cust12479,Yes
Cust12480,Yes
Cust12481,Yes
Cust12482,Yes
Cust12483,Yes
Cust12484,Yes
Cust12485,Yes
Cust12486,Yes
Cust12487,Yes
Cust12488,Yes
Cust12489,Yes
Cust12490,Yes
Cust12491,Yes
Cust12492,Yes
Cust12493,Yes
Cust12494,Yes
Cust12495,Yes
Cust12496,Yes
Cust12497,Yes
Cust12498,Yes
Cust12499,Yes
Cust12500,Yes
Cust12501,Yes
Cust12502,Yes
Cust12503,Yes
Cust12504,Yes
Cust12505,Yes
Cust12506,Yes
Cust12507,Yes
Cust12508,Yes
Cust12509,Yes
Cust12510,Yes
Cust12511,Yes
Cust12512,Yes
Cust12513,Yes
Cust12514,Yes
Cust12515,Yes
Cust12516,Yes
Cust12517,Yes
Cust12518,Yes
Cust12519,Yes
Cust12520,Yes
Cust12521,Yes
Cust12522,Yes
Cust12523,Yes
Cust12524,Yes
Cust12525,Yes
Cust12526,Yes
Cust12527,Yes
Cust12528,Yes
Cust12529,Yes
Cust12530,Yes
Cust12531,Yes
Cust12532,Yes
Cust12533,Yes
Cust12534,Yes
Cust12535,Yes
Cust12536,Yes
Cust12537,Yes
Cust12538,Yes
Cust12539,Yes
Cust12540,Yes
Cust12541,Yes
Cust12542,Yes
Cust12543,Yes
Cust12544,Yes
Cust12545,Yes
Cust12546,Yes
Cust12547,Yes
Cust12548,Yes
Cust12549,Yes
Cust12550,Yes
Cust12551,Yes
Cust12552,Yes
Cust12553,Yes
Cust12554,Yes
Cust12555,Yes
Cust12556,Yes
Cust12557,Yes
Cust12558,Yes
Cust12559,Yes
Cust12560,Yes
Cust12561,Yes
Cust12562,Yes
Cust12563,Yes
Cust12564,Yes
Cust12565,Yes
Cust12566,Yes
Cust12567,Yes
Cust12568,Yes
Cust12569,Yes
Cust12570,Yes
Cust12571,Yes
Cust12572,Yes
Cust12573,Yes
Cust12574,Yes
Cust12575,Yes
Cust12576,Yes
Cust12577,Yes
Cust12578,Yes
Cust12579,Yes
Cust12580,Yes
Cust12581,Yes
Cust12582,Yes
Cust12583,Yes
Cust12584,Yes
Cust12585,Yes
Cust12586,Yes
Cust12587,Yes
Cust12588,Yes
Cust12589,Yes
Cust12590,Yes
Cust12591,Yes
Cust12592,Yes
Cust12593,Yes
Cust12594,Yes
Cust12595,Yes
Cust12596,Yes
Cust12597,Yes
Cust12598,Yes
Cust12599,Yes
Cust12600,Yes
Cust12601,Yes
Cust12602,Yes
Cust12603,Yes
Cust12604,Yes
Cust12605,Yes
Cust12606,Yes
Cust12607,Yes
Cust12608,Yes
Cust12609,Yes
Cust12610,Yes
Cust12611,Yes
Cust12612,Yes
Cust12613,Yes
Cust12614,Yes
Cust12615,Yes
Cust12616,Yes
Cust12617,Yes
Cust12618,Yes
Cust12619,Yes
Cust12620,Yes
Cust12621,Yes
Cust12622,Yes
Cust12623,Yes
Cust12624,Yes
Cust12625,Yes
Cust12626,Yes
Cust12627,Yes
Cust12628,Yes
Cust12629,Yes
Cust12630,Yes
Cust12631,Yes
Cust12632,Yes
Cust12633,Yes
Cust12634,Yes
Cust12635,Yes
Cust12636,Yes
Cust12637,Yes
Cust12638,Yes
Cust12639,Yes
Cust12640,Yes
Cust12641,Yes
Cust12642,Yes
Cust12643,Yes
Cust12644,Yes
Cust12645,Yes
Cust12646,Yes
Cust12647,Yes
Cust12648,Yes
Cust12649,Yes
Cust12650,Yes
Cust12651,Yes
Cust12652,Yes
Cust12653,Yes
Cust12654,Yes
Cust12655,Yes
Cust12656,Yes
Cust12657,Yes
Cust12658,Yes
Cust12659,Yes
Cust12660,Yes
Cust12661,Yes
Cust12662,Yes
Cust12663,Yes
Cust12664,Yes
Cust12665,Yes
Cust12666,Yes
Cust12667,Yes
Cust12668,Yes
Cust12669,Yes
Cust12670,Yes
Cust12671,Yes
Cust12672,Yes
Cust12673,Yes
Cust12674,Yes
Cust12675,Yes
Cust12676,Yes
Cust12677,Yes
Cust12678,Yes
Cust12679,Yes
Cust12680,Yes
Cust12681,Yes
Cust12682,Yes
Cust12683,Yes
Cust12684,Yes
Cust12685,Yes
Cust12686,Yes
Cust12687,Yes
Cust12688,Yes
Cust12689,Yes
Cust12690,Yes
Cust12691,Yes
Cust12692,Yes
Cust12693,Yes
Cust12694,Yes
Cust12695,Yes
Cust12696,Yes
Cust12697,Yes
Cust12698,Yes
Cust12699,Yes
Cust12700,Yes
Cust12701,Yes
Cust12702,Yes
Cust12703,Yes
Cust12704,Yes
Cust12705,Yes
Cust12706,Yes
Cust12707,Yes
Cust12708,Yes
Cust12709,Yes
Cust12710,Yes
Cust12711,Yes
Cust12712,Yes
Cust12713,Yes
Cust12714,Yes
Cust12715,Yes
Cust12716,Yes
Cust12717,Yes
Cust12718,Yes
Cust12719,Yes
Cust12720,Yes
Cust12721,Yes
Cust12722,Yes
Cust12723,Yes
Cust12724,Yes
Cust12725,Yes
Cust12726,Yes
Cust12727,Yes
Cust12728,Yes
Cust12729,Yes
Cust12730,Yes
Cust12731,Yes
Cust12732,Yes
Cust12733,Yes
Cust12734,Yes
Cust12735,Yes
Cust12736,Yes
Cust12737,Yes
Cust12738,Yes
Cust12739,Yes
Cust12740,Yes
Cust12741,Yes
Cust12742,Yes
Cust12743,Yes
Cust12744,Yes
Cust12745,Yes
Cust12746,Yes
Cust12747,Yes
Cust12748,Yes
Cust12749,Yes
Cust12750,Yes
Cust12751,Yes
Cust12752,Yes
Cust12753,Yes
Cust12754,Yes
Cust12755,Yes
Cust12756,Yes
Cust12757,Yes
Cust12758,Yes
Cust12759,Yes
Cust12760,Yes
Cust12761,Yes
Cust12762,Yes
Cust12763,Yes
Cust12764,Yes
Cust12765,Yes
Cust12766,Yes
Cust12767,Yes
Cust12768,Yes
Cust12769,Yes
Cust12770,Yes
Cust12771,Yes
Cust12772,Yes
Cust12773,Yes
Cust12774,Yes
Cust12775,Yes
Cust12776,Yes
Cust12777,Yes
Cust12778,Yes
Cust12779,Yes
Cust12780,Yes
Cust12781,Yes
Cust12782,Yes
Cust12783,Yes
Cust12784,Yes
Cust12785,Yes
Cust12786,Yes
Cust12787,Yes
Cust12788,Yes
Cust12789,Yes
Cust12790,Yes
Cust12791,Yes
Cust12792,Yes
Cust12793,Yes
Cust12794,Yes
Cust12795,Yes
Cust12796,Yes
Cust12797,Yes
Cust12798,Yes
Cust12799,Yes
Cust12800,Yes
Cust12801,Yes
Cust12802,Yes
Cust12803,Yes
Cust12804,Yes
Cust12805,Yes
Cust12806,Yes
Cust12807,Yes
Cust12808,Yes
Cust12809,Yes
Cust12810,Yes
Cust12811,Yes
Cust12812,Yes
Cust12813,Yes
Cust12814,Yes
Cust12815,Yes
Cust12816,Yes
Cust12817,Yes
Cust12818,Yes
Cust12819,Yes
Cust12820,Yes
Cust12821,Yes
Cust12822,Yes
Cust12823,Yes
Cust12824,Yes
Cust12825,Yes
Cust12826,Yes
Cust12827,Yes
Cust12828,Yes
Cust12829,Yes
Cust12830,Yes
Cust12831,Yes
Cust12832,Yes
Cust12833,Yes
Cust12834,Yes
Cust12835,Yes
Cust12836,Yes
Cust12837,Yes
Cust12838,Yes
Cust12839,Yes
Cust12840,Yes
Cust12841,Yes
Cust12842,Yes
Cust12843,Yes
Cust12844,Yes
Cust12845,Yes
Cust12846,Yes
Cust12847,Yes
Cust12848,Yes
Cust12849,Yes
Cust12850,Yes
Cust12851,Yes
Cust12852,Yes
Cust12853,Yes
Cust12854,Yes
Cust12855,Yes
Cust12856,Yes
Cust12857,Yes
Cust12858,Yes
Cust12859,Yes
Cust12860,Yes
Cust12861,Yes
Cust12862,Yes
Cust12863,Yes
Cust12864,Yes
Cust12865,Yes
Cust12866,Yes
Cust12867,Yes
Cust12868,Yes
Cust12869,Yes
Cust12870,Yes
Cust12871,Yes
Cust12872,Yes
Cust12873,Yes
Cust12874,Yes
Cust12875,Yes
Cust12876,Yes
Cust12877,Yes
Cust12878,Yes
Cust12879,Yes
Cust12880,Yes
Cust12881,Yes
Cust12882,Yes
Cust12883,Yes
Cust12884,Yes
Cust12885,Yes
Cust12886,Yes
Cust12887,Yes
Cust12888,Yes
Cust12889,Yes
Cust12890,Yes
Cust12891,Yes
Cust12892,Yes
Cust12893,Yes
Cust12894,Yes
Cust12895,Yes
Cust12896,Yes
Cust12897,Yes
Cust12898,Yes
Cust12899,Yes
Cust12900,Yes
Cust12901,Yes
Cust12902,Yes
Cust12903,Yes
Cust12904,Yes
Cust12905,Yes
Cust12906,Yes
Cust12907,Yes
Cust12908,Yes
Cust12909,Yes
Cust12910,Yes
Cust12911,Yes
Cust12912,Yes
Cust12913,Yes
Cust12914,Yes
Cust12915,Yes
Cust12916,Yes
Cust12917,Yes
Cust12918,Yes
Cust12919,Yes
Cust12920,Yes
Cust12921,Yes
Cust12922,Yes
Cust12923,Yes
Cust12924,Yes
Cust12925,Yes
Cust12926,Yes
Cust12927,Yes
Cust12928,Yes
Cust12929,Yes
Cust12930,Yes
Cust12931,Yes
Cust12932,Yes
Cust12933,Yes
Cust12934,Yes
Cust12935,Yes
Cust12936,Yes
Cust12937,Yes
Cust12938,Yes
Cust12939,Yes
Cust12940,Yes
Cust12941,Yes
Cust12942,Yes
Cust12943,Yes
Cust12944,Yes
Cust12945,Yes
Cust12946,Yes
Cust12947,Yes
Cust12948,Yes
Cust12949,Yes
Cust12950,Yes
Cust12951,Yes
Cust12952,Yes
Cust12953,Yes
Cust12954,Yes
Cust12955,Yes
Cust12956,Yes
Cust12957,Yes
Cust12958,Yes
Cust12959,Yes
Cust12960,Yes
Cust12961,Yes
Cust12962,Yes
Cust12963,Yes
Cust12964,Yes
Cust12965,Yes
Cust12966,Yes
Cust12967,Yes
Cust12968,Yes
Cust12969,Yes
